bw,ts,deltar,aurora_error,bbr_error
30,0.1,57.35403883539034,3.2476940708351707,3.172574297716379
30,0.2,42.70310604693901,3.940183901096472,3.578292314156454
30,0.4,25.40890958672596,5.274066553671988,5.259169447059334
30,0.8,7.106300684213128,6.404975388304554,5.9097247100301225
30,1,4.130873577093654,7.553473539591146,6.9120844513092665
30,1.5,-5.6251848610635165,9.830673467094861,9.23981237627407
30,2,-3.6175461342088155,12.062613129463813,9.933900620534624
30,4,-13.731499511557004,15.285562683760993,10.659849919541799
30,8,-20.273664334456157,11.344050461778387,8.10201326281281
30,10,-17.182038578095018,7.00906516572123,5.470473550597164
30,15,-8.655341522760892,4.890415323510331,5.759679648907186
30,30,114.40833365502412,3.590017549817858,25.95988784899451
40,0.1,64.75175859255549,2.82549766595733,2.946472974092784
40,0.2,50.04584687892796,4.192568785506815,3.554479714338223
40,0.4,26.587596203715243,5.270718458892548,5.468567477759602
40,0.8,6.852072326063928,6.67022800066499,5.644637791189979
40,1,5.364123986738539,7.992281702892366,7.20896414983642
40,1.5,1.6033575415501922,9.362008487362468,9.173820362625284
40,2,-8.2146784713077,12.156993049819437,10.12824065658695
40,4,-2.1380019136197745,12.66873435858531,11.910835417280959
40,8,-15.343898346017028,10.814237696332425,8.48923019987853
40,10,-13.592891347024164,7.534128886796535,6.336001237056008
40,15,-12.520363004365208,5.4148234327993805,7.15667160506838
40,30,106.00478551147955,3.5474133993365706,25.5972529020293
50,0.1,65.34196826802018,2.8570551962464594,3.3383141951164537
50,0.2,55.28029827921371,3.6340973355544146,3.4981734155348407
50,0.4,31.273866011818118,5.117661958338249,5.169437035902596
50,0.8,5.889488519514883,6.585492394840554,5.98640873820446
50,1,-2.386838687115599,8.692793740106293,7.179534368246499
50,1.5,-7.934907707609714,10.36443801885468,9.062440252932458
50,2,2.101210652467735,11.75772740322507,10.589303459335508
50,4,-4.250271457836462,13.286069483139851,11.638447627061069
50,8,-17.023853092822094,12.30389284807887,8.76212393403029
50,10,-11.142064173598555,8.303298593542253,6.792389372912554
50,15,-8.050787266380382,5.962015549965388,7.013901122346423
50,30,100.77888173747334,3.4908328274732163,25.543720963527335
60,0.1,70.93844355354989,2.620333598072898,3.4318767552023193
60,0.2,55.46578806051853,3.781566322199906,3.9155700861016878
60,0.4,32.71488182027841,5.439546989408655,5.6002615967961855
60,0.8,9.972870515010642,6.602477213009622,5.981440039865702
60,1,6.082715996262801,8.32833616282584,7.0611425673269945
60,1.5,-8.830457419290283,10.14350180495747,8.807076251289189
60,2,0.789978238393779,13.16001785589965,10.03854398640777
60,4,-8.04002421105048,14.10882365257128,10.669907779841886
60,8,-14.778975465405125,12.033390953539849,9.17109406472461
60,10,-13.294275538043763,9.343847695253412,7.581466006937661
60,15,-8.012852381232534,6.238742628923582,7.8233906021780655
60,30,96.54682414987553,3.818498527715012,25.42723336949171
70,0.1,74.06235374499934,2.6597035013690187,3.5103034467588996
70,0.2,57.35677122313636,4.2081708189159786,3.6605217115978723
70,0.4,32.18597651274571,5.449899204604783,5.632140121967766
70,0.8,5.106653217458863,6.717280520149698,6.2840491730652905
70,1,4.568515947849914,7.486203274252849,6.769150961984133
70,1.5,3.6892235402017484,9.602976046900418,9.38252090046115
70,2,-1.1076377492874272,13.247615581311804,10.109217293167191
70,4,0.9950693846008107,13.65236243250465,12.229190357568072
70,8,-11.984833100892388,12.08800188730043,9.137664965312387
70,10,-13.860874918830035,8.51930974612882,7.80842794638314
70,15,-6.3802234513543965,6.449790652121074,8.585519191541557
70,30,93.73729484124723,3.8580493927588244,25.040449428703447
80,0.1,71.96630158903254,2.708360459934108,3.5687313417722883
80,0.2,59.634204463459085,3.444021006395712,3.651236674999655
80,0.4,32.29712617698111,5.39455502419922,5.316535385029546
80,0.8,11.21245837980429,7.543454201772252,5.755483123135311
80,1,7.49310063696341,8.108959012921588,6.800167396007006
80,1.5,-2.6923228516578313,9.946499753017026,9.227156920517404
80,2,-1.4568347944831501,11.755346450719333,11.019895852573955
80,4,-3.1430913423991598,13.58236445617764,12.053301917320209
80,8,-18.97068368481564,13.325637889340385,9.239544629612118
80,10,-16.37298455953342,8.781311165769177,8.013035215131307
80,15,-6.8148776426421875,6.6993962886751754,8.763425243723255
80,30,91.97831648008264,3.737563097674101,24.98181336208613
90,0.1,76.3723174226515,2.7356557803991652,3.8074146460571248
90,0.2,60.47913009771175,3.777915826915952,3.6920493987634497
90,0.4,32.86351602365124,5.680732407120589,5.40053684951952
90,0.8,8.988161542064294,7.040757800763343,5.342204491080884
90,1,3.8324509402413938,7.4230287808017215,6.910151822343018
90,1.5,-1.7185681424627184,9.89985998839426,9.159171530243157
90,2,5.104534339793467,11.729809939210439,11.124379540715234
90,4,-1.8289161298728942,13.466432909027315,10.924127705734309
90,8,-15.75027361149273,12.69826229667984,9.358189865297296
90,10,-11.772991576140413,9.155615406532174,8.342367309432923
90,15,-5.7730400639310915,6.6784437745249745,9.051763683676963
90,30,88.09027473755765,3.9158789023215888,25.143622418295884
100,0.1,75.99803511849436,3.0092700835090427,3.796064557044896
100,0.2,64.0650011587836,3.6878253380851254,3.601988816100515
100,0.4,35.72325381277835,5.683127373733747,5.518356229504239
100,0.8,14.994710344328368,7.260188448604949,5.464048916662425
100,1,2.3866936223808892,7.526032522867625,7.163696737310598
100,1.5,3.202556091678197,9.781885243204712,9.069921292073815
100,2,4.197838500466673,11.026120139597428,11.449760822389202
100,4,3.2480938853712473,13.417220186212214,11.222976285030892
100,8,-10.575943503760357,11.691929413973465,10.059289636713627
100,10,-10.820227479156017,10.019434387648534,8.371856445208978
100,15,-8.51555267982846,6.668155420674612,9.255916476978143
100,30,87.23406155239496,4.027296591203737,24.991584598738104
0.1,0.1,178.90839157820852,0.0,5.02429586778808e-16
0.1,0.2,178.90839157820852,0.0,5.02429586778808e-16
0.1,0.4,178.90839157820852,0.0,5.02429586778808e-16
0.1,0.8,178.90839157820852,0.0,5.02429586778808e-16
0.1,1,178.90839157820852,0.0,5.02429586778808e-16
0.1,1.5,178.90839157820852,0.0,5.02429586778808e-16
0.1,2,178.90839157820852,0.0,5.02429586778808e-16
0.1,4,178.90839157820852,0.0,5.02429586778808e-16
0.1,8,178.90839157820852,0.0,5.02429586778808e-16
0.1,10,178.90839157820852,0.0,5.02429586778808e-16
0.1,12,178.90839157820852,0.0,5.02429586778808e-16
0.1,15,178.90839157820852,0.0,5.02429586778808e-16
0.1,17,178.90839157820852,0.0,5.02429586778808e-16
0.1,20,178.90839157820852,0.0,5.02429586778808e-16
0.1,22,178.90839157820852,0.0,5.02429586778808e-16
0.1,24,178.90839157820852,0.0,5.02429586778808e-16
0.1,30,178.90839157820852,0.0,5.02429586778808e-16
1,0.1,-3.150013746714805,2.71295485213531,2.054487056603452
1,0.2,-5.4804349998556745,3.3254994414511945,2.4946128701775083
1,0.4,-1.2858187331687319,4.496199829231153,3.3982269838384993
1,0.8,7.791948574909448,5.828295227724415,4.636108349879973
1,1,27.5014954758022,6.288338183538294,5.777178199568598
1,1.5,41.70480503103003,7.3624277747692215,6.48143289109923
1,2,56.86892705511585,9.09124918616487,7.490404236854125
1,4,78.50985591114653,6.3311475241808415,4.690930302708197
1,8,110.73052587588077,2.7381895557972027,5.855824113667899
1,10,122.85388358999143,1.6911214857177645,7.788668407298402
1,12,120.1702227013721,1.7581551563248732,7.580791329428871
1,15,148.23269071368128,2.075651353486644,12.01587081158238
1,17,145.89749195622773,2.300019221859668,12.648611386964957
1,20,153.3974690271781,2.168119949593377,13.254527277194843
1,22,145.61990761431932,3.3607662607233095,13.06872576759439
1,24,167.7052778468855,3.7402076532241177,13.849010165621296
1,30,267.55770774515867,3.933649386987217,27.663574304816468
2,0.1,-13.264927356543524,2.330222177766261,2.3382767433792373
2,0.2,-16.477820685595383,3.278745667089975,2.790230147727808
2,0.4,-6.711035995940158,4.790243654600546,3.9559501483698396
2,0.8,-0.8574527275618422,5.4066687744428235,5.142290726454386
2,1,7.551162259609399,7.34642409286486,5.5645205116539564
2,1.5,6.0464629943813435,8.966605902841719,6.69350814792655
2,2,20.375054490132968,9.995415456648326,9.099281085323668
2,4,29.482400571284387,10.78698764522433,8.12292424944705
2,8,59.21311161690346,3.0006580586444827,5.179149220421349
2,10,58.38093836612646,1.6487360325163332,5.448540329253859
2,12,71.41869938771467,2.444395250860344,6.170921748231375
2,15,87.63734554767979,2.3849248030779817,8.223783663868483
2,17,80.79251164853835,2.305049544863319,9.858106514155109
2,20,83.83043283476925,2.878422603249864,10.223978396245943
2,22,72.9295204936841,3.3737962461356954,10.986222070493481
2,24,110.47653904811565,5.225872798959492,12.811655897102991
2,30,225.00617306154206,3.462830641047332,27.803177861156627
4,0.1,1.8070164621410783,2.651794167855158,2.762191049921214
4,0.2,-0.09983926276547095,3.9283879366331855,2.9807822520276526
4,0.4,-4.043192239821401,5.0610064485992865,4.40210278679916
4,0.8,-11.313341855806247,6.689108705197123,5.786943055635689
4,1,-8.850933530044362,7.439947908913377,6.381169755645916
4,1.5,-9.458306678070848,9.584398702726395,7.158281171882571
4,2,-5.417673685841351,10.969063394431156,9.415191435725571
4,4,2.843857488128407,11.705679044876382,8.919050025570373
4,8,11.216800815243175,5.198193950802825,4.684348930734337
4,10,11.729695207765246,2.6919345213305337,4.150618521097577
4,12,17.544761595775952,2.99194946573238,5.275208940509472
4,15,33.52559690036114,2.81782495207243,7.5662604365478385
4,17,27.19174972123261,2.5573695398654226,7.884076573129245
4,20,31.94352328301622,3.919764876324488,8.555277661727137
4,22,26.89724503972232,4.959824732492222,8.90603937520097
4,24,68.74268359019277,8.101512254973105,13.904652850125434
4,30,188.16983281703585,3.492279574413202,28.03050117976218
7,0.1,15.208099390724271,2.557645514611338,2.8181976750421036
7,0.2,10.446083895140767,4.4581224490658435,2.768496435886658
7,0.4,-1.6511715978330788,4.929300775617531,4.912933621378239
7,0.8,-12.147703827122724,7.112745417596728,5.591785929169992
7,1,-12.1081848998825,7.001791134642253,6.418500104293474
7,1.5,-8.429368787025673,9.278136007803663,8.11935055967539
7,2,-11.627235969544131,12.196176705790398,9.563642570317981
7,4,-0.059649665072868174,11.78437362422871,11.243196536648854
7,8,0.3027512552453402,6.7194861386568485,6.059421636127152
7,10,-3.3833631557931767,4.320691217703426,3.634548240035006
7,12,3.349407260092505,3.3804195699641846,4.786587574954054
7,15,11.700242060110696,2.761909665046396,6.406665390179313
7,17,4.440595276858687,3.519665042085272,6.900069017326701
7,20,10.983158001883226,5.427179658266215,8.113407065193451
bw,ts,deltar,aurora_error,bbr_error
7,22,7.291082173695401,7.7033754466294155,8.709235331978839
7,24,61.57531019946974,11.281347857991793,18.68853251314185
7,30,166.98852784532107,3.1518213525556558,27.27100014665781
9,0.1,21.330503419418065,2.8411408355870034,3.0886110934862585
30,12,-9.988806347447621,5.76575106832813,6.478950967141239
9,0.2,17.470968800612518,3.846528073968465,3.175977612903451
9,0.4,0.12615779879011724,5.2318016329695,4.533574924296902
30,17,-8.723921994230295,5.642404240785101,7.972792512539308
9,0.8,-5.214532501432249,6.5352836876685325,5.772477752138499
9,1,-11.752467703509957,7.9336189198233775,7.006795486987452
30,20,6.852388483235671,9.007240589244562,13.229436610273789
9,1.5,-16.95256956725047,9.56567089395008,7.824450619366374
9,2,-18.15553407962247,11.805530341870302,9.801602650722824
30,22,1.1185125308350052,12.51328284145132,15.479432934154296
9,4,-12.434951331284594,13.7330797429283,10.170267806239899
30,24,50.787733451013686,19.127793238023614,29.442788067225965
9,8,-5.851823480569465,8.211620860298327,7.4262677117207465
9,10,-11.87199016515919,5.265140719784708,4.383628078052952
9,12,-4.2910098927684714,3.5460633717517216,5.800377455381441
40,12,-5.345459963840824,5.472199499340321,6.410960837015888
9,15,-1.1239826927100864,3.2436108422687666,6.276007758294827
9,17,-2.17855918986578,3.2905925034247785,6.150059986286602
9,20,10.109389053563007,5.232453432308278,8.351670308771654
9,22,6.790064453683158,8.544488468472302,9.495481464570151
40,17,-7.202121849874828,6.6108036859815655,8.564358488325267
9,24,49.861648784582,13.901147858609962,20.25304408419421
9,30,156.13888342978268,3.3861290966433772,26.901215565337107
10,0.1,24.749672887691492,2.6320252259133956,2.7348309249181746
40,20,6.367085268494662,9.048856453721928,14.835284901056868
10,0.2,26.270149236349187,3.6036529301786033,3.316875647886839
10,0.4,4.1906923932416245,5.4825114467967575,4.506541824794023
40,22,9.831883817456287,13.79195635845225,17.75894716995687
10,0.8,-10.015052110047609,6.656700317714369,5.67459097858454
40,24,53.028931300002796,19.30327479381226,31.166083246009382
10,1,-13.668937844529475,7.091821849639755,6.583213536793013
10,1.5,-15.335402100160081,9.433312721796595,7.8933675236924525
10,2,-17.49136072172108,11.868938472365318,9.848560031047432
10,4,-9.984318516528901,12.771673471696989,10.879066250315297
50,12,-8.709394577598005,6.369072992195095,7.126788350903207
10,8,-4.342124474861805,7.858986330655667,7.165768407827424
10,10,-7.809933850033303,5.1703173345147535,4.487843163329129
10,12,-5.493604317258615,3.715378696824412,5.0401867474348725
50,17,-4.942097940203894,6.731291870223562,9.17226568969842
10,15,1.9186310595858629,3.3107638207699366,5.803439627251172
10,17,-0.723067982112866,3.5274588743154256,5.948792432296751
10,20,5.838200611920172,5.7419416429109456,8.806945069284126
50,20,11.07481339906434,10.149380656282306,15.337244261993721
10,22,-5.747621594826171,8.806177114388854,9.125729539867613
10,24,48.82901341284203,13.51327965286421,21.348904132694493
10,30,153.7411751753764,3.4168327990781355,26.58046663833205
50,22,14.649281514029568,15.87810977126877,20.03446473421084
12,0.1,32.87489081624865,2.719455913215496,3.0175108141149534
12,0.2,27.779129487724788,3.8482207750533544,3.326485484292459
50,24,53.47776590865124,20.074433732931176,31.8067051401062
12,0.4,2.733994126196021,5.549582126177243,4.913203191913801
12,0.8,-11.936782941702118,6.461675188250846,5.260047782232924
12,1,-13.0193580295842,7.306948711462514,6.648113006626565
12,1.5,-13.330084037465603,9.995217190003363,8.308306803933608
60,12,-5.248809021211713,6.0432426233868055,7.754178453710319
12,2,-14.787560725099297,12.235873313044795,8.985783821651983
12,4,-17.499386035450385,13.571557551025125,10.333628654065485
12,8,-5.110574615041173,9.690624519047187,8.413782364257484
60,17,-7.3119194116866595,7.505894361757812,10.276906842345909
12,10,-7.178244446711062,5.322102618406963,5.324570122791588
12,12,-2.7720899311934772,4.026111212407769,6.409900873816457
60,20,8.878985005400665,10.516308507576172,15.604967440081229
12,15,0.9338089875287494,3.762594596873917,5.008033321053733
12,17,-3.147251212644534,4.037585726799893,5.973749002061131
12,20,4.5670562517044,7.284771620344781,8.570146623302334
60,22,11.985677604998799,15.572484213405735,20.426189886392997
12,22,5.289023250231878,8.887138555849901,9.771078289844075
12,24,52.26780644604267,15.204683114247732,22.94691773866997
12,30,148.232808235555,3.145880945782166,26.344256233276226
60,24,52.24408768159155,20.724812257928978,31.860065446379615
14,0.1,38.26069070959795,3.0120848437067393,2.758902143145303
14,0.2,29.683082656733735,4.146891858365047,3.323470739601683
14,0.4,8.478239769754609,5.560053843161899,4.935078765790333
14,0.8,-3.305609380947444,6.4141988510909265,5.726701658753461
70,12,-5.7876902564274815,6.946019118890296,7.415737691710543
14,1,-11.737012304807754,7.349998987424006,7.124871943132577
14,1.5,-6.585803657028109,9.840322086335702,8.85665473698606
14,2,-16.301757355078493,11.70518446535234,9.107334753155284
70,17,-7.453833317573896,7.246972934282187,10.850225614569881
14,4,-16.127590136620967,13.973872489041343,10.535755079047677
14,8,-18.11432922261278,10.455516677044676,6.743490550215261
70,20,8.283962018053757,11.09803835840318,17.191296624270223
14,10,-10.911563598856333,5.600310824388195,4.657888239373807
14,12,-0.11771569547602212,3.760164037503825,5.946140737128232
70,22,15.456907649091903,15.431411856336283,21.371767263951035
14,15,-2.416095364943118,4.100171812035245,5.309132485279441
14,17,-4.242018325785523,4.690757039611125,5.444031101467186
14,20,12.57669480289374,6.268209122212269,9.345455554654444
70,24,59.866325844515984,20.78470642421737,32.75924422672987
14,22,5.000086692403784,9.61371575938565,10.77807700313322
14,24,45.64716065164491,16.237267793855985,24.88579631792623
14,30,142.4901391257987,3.3475951645840873,26.622136293014854
18,0.1,46.827194839330865,2.448930947894387,2.854785604720182
18,0.2,39.765025247129834,4.061325857223436,3.2666071371680188
80,12,-6.488092589068941,7.198279691518265,7.631875802884163
18,0.4,13.212738263410543,5.487362076625676,5.067148185304416
18,0.8,-0.8132431085008975,6.151213754318106,6.073775614617021
18,1,-7.7095792036149255,7.740659163630796,6.786400518371987
80,17,-4.542391435871309,7.733129119695502,10.57147219890016
18,1.5,-11.469597744649278,9.664759867587884,8.703740207516557
18,2,-19.11382467375983,12.43023049488336,9.564184902915997
80,20,14.482070583319484,11.692254955974251,18.163482026582546
18,4,-15.821719677977143,12.839591081705324,10.267313414041737
18,8,-13.105196421772689,9.139766419172656,6.973329004350996
80,22,15.215043361458228,15.735789224898268,22.025157174124615
18,10,-9.362476061292739,5.90817237553689,4.962590435896735
18,12,0.33639977434737034,3.960720269883575,7.221616335182323
80,24,58.28175227429274,21.62393759640908,32.48767954163884
18,15,-7.403087231778812,4.709657715345196,5.469213497522228
18,17,-7.095137556696642,4.727066579322445,5.898851990695305
18,20,5.878067469803028,7.529093185609447,10.61888246875981
18,22,-6.667719072053018,11.365754847417335,11.38418129193898
18,24,54.53243983574467,16.65527117979673,26.843399211165632
18,30,133.58858830131123,3.4048064165556764,26.3779996549619
90,12,-6.374286621859881,7.21436392951727,7.867083622625874
20,0.1,50.32150819251332,2.795933551462341,3.2123942342497793
20,0.2,39.69453705305226,3.765058552363053,3.306619644787625
20,0.4,14.973113774663751,5.594011847643974,4.988333461346124
20,0.8,0.6263423544908253,6.7349472509251695,5.857496792555073
90,17,-7.812137019006258,7.834863208355283,11.172677304196728
20,1,-10.943007239182686,7.4949262775204595,6.9776903845955776
20,1.5,-10.441431190421959,9.078929543286046,8.524058719890165
90,20,5.124269114096691,12.46863797146744,18.144196292435073
20,2,-16.009127240425585,12.38761654460163,9.254165422004213
20,4,-13.94426139911971,12.697645775671921,10.635184289436856
90,22,14.246584240817427,16.568263806959564,23.825572141465962
20,8,-13.669856158431685,9.521270056327664,7.239522695186938
20,10,-14.264618381997934,6.698566831195417,5.084236299894519
90,24,52.163018744377524,21.480218168696634,32.98933686026618
20,12,-10.589013707665345,4.714688742179817,5.647711981185427
20,15,-6.908308474146196,4.638726216269905,5.308759271751713
20,17,-7.333209234929029,5.094856292679474,6.4863680884336254
20,20,8.10797455512241,8.007298800167009,11.625216159589506
20,22,3.5873592736691933,11.300933733247765,12.728887990690009
20,24,49.33922347092664,17.733913382574084,26.999829361404405
100,12,-9.20338658596765,7.809183383408268,7.649389104389355
20,30,128.4122519322229,3.285081737918534,25.93606731469358
22,0.1,51.707442624048134,3.1630391964313427,3.32216476038311
22,0.2,43.61090152211344,3.8994514021913083,3.6792694052706483
100,17,-7.090734313958478,8.055735265954011,11.634425277070886
22,0.4,15.678575097526576,5.273991765153482,5.569994253301539
22,0.8,2.4602847383529647,6.892915782254427,5.823632578044564
22,1,-4.108718191190555,7.990595922299485,6.842204655460416
100,20,11.155833428624447,11.87954339459406,18.520359215310993
22,1.5,-6.025241512301015,9.682507564185203,8.859582038554239
22,2,-13.39053929248783,11.228933821129669,9.165537386272618
100,22,7.66689754354865,17.441005822947417,23.467906029580202
22,4,-15.715676592879333,13.18491317665148,11.573076620181828
22,8,-23.935717442641362,11.482110829890832,7.524826395384379
100,24,57.891441967908605,21.31161236415471,33.06472744779399
22,10,-14.511695493374617,6.866879117112386,5.445602807131912
22,12,-9.138997606320828,4.602164231940331,5.68391105106392
22,15,-10.394557269978606,4.315935013647164,5.4452232127856375
22,17,-8.77270261420972,6.168510770350881,6.68928400456596
22,20,9.749598069199521,7.13023645114181,12.215980922803542
22,22,-3.5503969327371294,12.481055440599128,13.491557329344523
22,24,46.665538787423195,17.923357751295338,27.392620652658206
22,30,125.0394525774494,3.513697106025071,25.91785535646518
25,0.1,53.74322250574548,2.814221233265858,3.0539487466251365
25,0.2,46.72852931050764,4.177517825998213,3.6311546789048004
25,0.4,18.52012491477972,5.117265932092464,5.239599407610903
25,0.8,-0.061051032467281274,6.394649999739124,5.745634091154538
25,1,-1.6986742016726746,7.26688041724788,6.699947339828717
25,1.5,-11.063944568671275,9.735804153273508,9.119603532533006
25,2,-7.0889157902055615,11.671403561929507,9.476846380371065
25,4,-10.195657797131673,13.062734261090664,11.15767544073784
25,8,-17.563837476379035,11.0083648595206,7.590609882766578
25,10,-11.010728690758526,6.496363461017384,5.349902939337431
25,12,-8.88945929335793,4.621499207947399,5.936327802108023
25,15,-9.903423443040708,5.163704120307307,5.700010992942194
25,17,-12.37149677840003,5.5429749221813935,6.697088475076294
25,20,6.563131555757366,8.151384093122049,12.597195373440318
25,22,-1.4593758843937508,11.70371572641778,14.077321149548357
25,24,56.73309293877114,18.143706044800346,28.879323538312367
25,30,122.18401167152054,3.664767618635609,26.00346224434483
28,0.1,55.05610897402526,2.831082102564353,3.209222509965001
28,0.2,43.221033425231,4.065066761948215,3.6278279205998825
28,0.4,25.44401474432007,5.068760011719625,5.277611850253185
28,0.8,1.0311944854355541,6.717261140162468,5.985334148882721
28,1,4.038525303164944,8.41559781397816,6.768262007200148
28,1.5,-5.155269171587406,9.765721274370536,9.329041898929596
28,2,-5.596924077217608,12.048991061129419,9.395085758483479
28,4,-9.167008978594012,13.590461174766098,10.900123828827086
28,8,-15.236705673107338,10.240682517943048,7.819102797423332
28,10,-11.037934738188085,6.712684485258498,5.366127563471728
28,12,-9.013535409354262,4.975076484106105,5.891050084326797
28,15,-2.226196771759845,4.408529875004329,5.892974417106334
28,17,-7.294876810699549,5.33796930382101,7.1118329851029145
28,20,7.321996761965124,9.389688278069999,12.860854884761928
28,22,10.159231522367946,11.966863198696268,15.768499019961093
28,24,54.714066844400904,18.471181687116427,29.460329249399887
28,30,119.86834965164249,3.5724105433692155,25.650831880831387
bw,ts,deltar,aurora_error,bbr_error
bw,ts,deltar,aurora_error,bbr_error
0.2,0.1,233.73020245552712,1.3625402523286851,2.981735674531815
0.2,0.2,216.99368600436185,1.4991300883848764,2.643831886078522
bw,ts,deltar,aurora_error,bbr_error
0.2,0.1,233.73020245552712,1.3625402523286851,2.981735674531815
0.2,0.2,216.99368600436185,1.4991300883848764,2.643831886078522
0.2,0.4,202.89688332464326,1.7008102408583392,3.3488475839676126
0.2,0.8,215.7070153923927,2.516489682191245,3.775848522783475
0.2,1.0,220.793280204639,3.03728956315613,3.680715034293198
0.2,1.5,233.92313168013226,2.442860876924695,3.1879502117874248
0.2,2.0,243.53641133191567,1.7966396821595834,2.579964607776256
0.2,4.0,266.06051400680917,1.5147448881748213,3.390371504455332
0.2,8.0,282.6132138491571,1.2238780463894559,5.376416184318321
0.2,10.0,290.46402201945347,1.2847388369530843,5.200038035645884
0.4,0.1,89.38920134702136,1.9777489848182712,1.9496115398952218
0.4,0.2,82.73143242397607,1.9287826351758999,2.406643553252995
0.4,0.4,72.1945755426986,2.8206661379758704,3.3596294192772103
0.4,0.8,90.18729229824288,3.5663995833140896,3.428137417606945
0.4,1.0,100.00980336221929,4.540083398971614,4.18470201946288
0.4,1.5,138.9475254567993,4.590026702531936,4.948908938009711
0.4,2.0,157.3672072694463,4.358017192776671,5.270895124659839
0.4,4.0,191.5496638667122,3.083341395910291,3.775327038258519
0.4,8.0,226.48400004262973,1.8965166718807134,6.218705512777851
0.4,10.0,250.5266267581342,1.780217310946119,7.242629500748615
0.6,0.1,37.98097713718184,2.0617032090580727,2.0051864963397783
0.6,0.2,33.170486023135936,2.6197505214258046,2.2357826766367825
0.6,0.4,23.308894899253843,3.8881801228041786,3.3499037878922024
0.6,0.8,44.533849621467155,4.6387518476459855,4.374002144868352
0.6,1.0,55.00177345832337,5.51938669098619,4.67509858357203
0.6,1.5,83.16138929871991,6.271785231112039,5.719093016168278
0.6,2.0,93.92874409132398,7.205486181485123,5.557929365769525
0.6,4.0,134.51903438838497,4.038441425159419,4.013183465764562
0.6,8.0,172.37816318842775,2.3760457508288,5.591794813615237
0.6,10.0,198.96271341729704,1.6448316210788496,7.5715713733780845
0.8,0.1,10.648276228850918,2.5656595328583314,1.7326048805713914
0.8,0.2,10.267502811325016,2.8448259984493474,2.788240170101311
0.8,0.4,7.131058263159012,4.270673068277057,3.335479129696306
0.8,0.8,27.06996986922885,4.456414961286865,4.661206232581736
0.8,1.0,39.29249509068633,5.9373364855550275,5.224143839481475
0.8,1.5,57.54288344258484,7.101751495792885,5.999728339649189
0.8,2.0,71.22418864802351,7.667865871827437,6.262056261607795
0.8,4.0,99.85994994004632,5.005443952929352,4.969677117415725
0.8,8.0,130.15595474674708,2.4810034245185055,5.782202029144672
0.8,10.0,152.4924348942367,1.712532429185339,7.718502676431137
bw,ts,deltar,aurora_error,bbr_error
0.2,0.1,233.73020245552712,1.3625402523286851,2.981735674531815
0.2,0.2,216.99368600436185,1.4991300883848764,2.643831886078522
bw,ts,deltar,aurora_error,bbr_error
bw,ts,deltar,aurora_error,bbr_error
1.5,0.1,-15.933932319856382,2.535480683788896,2.1778450835015115
1.5,0.2,-11.173704156175575,3.2232236006708366,2.635773914923477
1.5,0.4,-10.436728361060283,5.01574878410244,3.5804865214439743
1.5,0.8,2.701700088957182,5.415111266957709,5.1086287944713344
bw,ts,deltar,aurora_error,bbr_error
1.5,0.1,-15.933932319856382,2.535480683788896,2.1778450835015115
bw,ts,deltar,aurora_error,bbr_error
bw,ts,deltar,aurora_error,bbr_error
bw,ts,deltar,aurora_error,bbr_error
bw,ts,deltar,aurora_error,bbr_error
1.5,0.1,-15.933932319856382,2.535480683788896,2.1778450835015115
2.5,0.1,-10.729431713895366,2.520090571602652,2.4150303086148734
1.5,0.2,-11.173704156175575,3.2232236006708366,2.635773914923477
3,0.1,-5.2133653970443845,2.7297920164007086,2.5792297541346785
5,0.1,1.1281854220499667,2.7137225148256445,2.610129131767349
1.5,0.4,-10.436728361060283,5.01574878410244,3.5804865214439743
2.5,0.2,-8.927970431080972,3.338577663646904,2.5895884704843066
3,0.2,-5.494884723595682,3.7330245542277525,2.825601646606459
1.5,0.8,2.701700088957182,5.415111266957709,5.1086287944713344
2.5,0.4,-16.26073279145514,5.161610873265478,4.117455337698882
5,0.2,1.8831345638328187,3.249217524431914,3.125477417602453
3,0.4,-9.415309364694139,4.545931241073769,4.162024533280699
1.5,1.0,9.948270236553917,6.439145267083959,5.761196288935709
2.5,0.8,-8.116208715749352,5.8044805159833786,5.543237986295484
1.5,1.5,18.804422922311986,8.309838382411172,6.512412503891661
3,0.8,-8.928092386887776,6.131487817696848,5.942686534510202
5,0.4,-4.295180240736274,5.048313982881712,4.593833035257809
2.5,1.0,-2.587848187150115,7.224790126392348,5.639359575021344
1.5,2.0,39.89524003315195,9.245098956831683,8.332569799631502
3,1.0,-7.370168677727257,7.4024093625049145,6.143357273192801
1.5,4.0,50.32533777033197,9.032862291692258,7.024408898468516
2.5,1.5,-0.9916057001399281,9.02169325312713,7.141530895659813
5,0.8,-11.348833011496815,6.101924038066593,5.654296392845923
1.5,8.0,76.2654307199237,2.9394905957323574,5.308110237968835
3,1.5,-2.000992849425927,9.57055144566423,7.771677187449321
2.5,2.0,5.260688400470414,9.444539592383746,8.782379117852342
1.5,10.0,80.21624331273273,1.912428818775978,6.642795170176875
5,1.0,-15.726583096261372,7.82734070878495,6.277925433680414
3,2.0,-1.8745078899479068,11.381618118312433,8.795445268395454
2.5,4.0,26.370341968725427,10.226353339659587,9.57858196235286
3,4.0,14.740891977597983,11.31487248656557,8.199763649769803
2.5,8.0,40.03981978571437,3.3120300700349583,5.350511175311389
5,1.5,-11.259208165483571,9.41631971428173,8.100614258498824
2.5,10.0,38.66828820834567,1.7228041094550421,5.103450642611114
3,8.0,32.5104404368258,3.884801677686787,5.27286918069433
5,2.0,-6.120652178080192,11.565903792587804,9.776765754142813
3,10.0,26.419920551130048,1.9815056321799205,4.664951921036326
5,4.0,4.464118486778631,11.399981485773122,10.231457913696035
5,8.0,1.4478425075160146,5.477321732222459,5.522258566283716
5,10.0,3.158750151351029,3.417507080468686,4.090547999803009
bw,ts,deltar,aurora_error,bbr_error
bw,ts,deltar,aurora_error,bbr_error
bw,ts,deltar,aurora_error,bbr_error
bw,ts,deltar,aurora_error,bbr_error
120,0.4,33.790422877042175,5.636477804610417,5.177292806767538
120,0.2,64.00681148806555,3.3796155938918218,3.9219411531120882
120,0.8,3.5064616750897706,6.813878657623904,5.682115282876851
120,0.1,72.54178798070487,2.422733142557354,3.5126916962035506
120,2.0,4.765473213819792,12.094699800470217,11.623506761303078
120,1.0,9.073508079097376,8.11740793725799,6.703904026937643
120,1.5,-1.6657824144962312,9.67091442032356,8.932991775733948
120,4.0,2.9135191255807626,13.358318982392555,12.292824106079722
120,12.0,-4.544559237047395,7.286058298154513,7.964416828415352
120,15.0,-2.577804019210504,7.139470329421424,9.860688096078698
120,10.0,-11.6185513496184,10.69220767160683,8.883985788446312
120,8.0,-13.536868346373552,12.351064580044126,10.415092784028152
120,22.0,20.812070598958137,17.01681308438856,25.127012769737654
120,24.0,50.842509192857676,21.44271633699811,32.93946516578977
120,20.0,12.006870976298003,12.302291954210382,19.51687910343559
120,17.0,-5.146088327111471,8.187585691874364,11.617489137061852
120,30.0,81.63344028044438,4.034028523902558,24.63047815271979
140,0.4,38.42523591220069,5.308245219641956,5.316450921838977
140,0.8,6.035361190591789,6.8415573515675705,6.449446873837419
140,0.2,67.26000484124583,3.385683567158009,4.043636003671631
140,0.1,74.24349652027308,2.919179157178749,3.5624773005326875
140,2.0,-1.3285783414116459,12.197616172283077,11.363890659806428
140,4.0,0.02503432308581921,13.289133182098698,11.890242888757072
140,1.5,-7.426266925263484,10.321695527488341,8.974772773347514
140,1.0,6.032632603237353,8.200174128499716,6.896372645884494
140,12.0,-6.556240167056103,8.008256841846825,8.500497965096182
140,15.0,-3.079917922702606,7.101384772662172,9.969433941371648
140,10.0,-11.239134532542607,10.944731128980317,9.293367189124659
140,22.0,20.13881337802762,17.40131783743443,25.64515018895169
140,24.0,53.404620028257085,21.76998325372975,33.21373727793175
140,8.0,-18.361389411467,15.463313660484753,10.765559576922312
140,20.0,8.46063904245672,13.841266899201102,20.356277208087153
160,0.4,37.30169814718318,5.549589165916932,5.251356089010267
140,17.0,0.013519158025445677,8.190904859191566,12.285493255929776
160,0.8,9.31242862196287,6.529810714647389,6.29841701758842
140,30.0,79.9531084938026,4.1189397599006945,24.459650953781356
160,0.2,66.97575633538902,3.275859067190283,4.059038677391525
160,2.0,4.055394349968839,11.823704983363772,10.714909416846847
160,0.1,72.25957156187364,2.9248275663142445,3.5171138540902875
160,4.0,2.3719819027221547,13.712846051770338,11.770472974836915
160,1.5,1.3761598822583636,10.460274978198003,8.741192686695689
160,12.0,-7.828144411643365,7.664661128515707,8.800709061207101
160,15.0,-2.7098413416612743,8.035429100489369,10.732068108632765
160,1.0,0.9435398194042968,7.77145843258438,7.12373242587664
160,22.0,17.633923955702056,17.731428618528042,25.982779038864113
160,24.0,49.70463578269591,21.94936240177616,33.497155486280526
160,10.0,-11.440538914688773,11.30441740821129,9.69955950159458
160,20.0,14.312208700490999,12.791367300269718,20.22197891921668
160,8.0,-12.947837501848966,14.602998378354167,11.270227856661883
180,0.4,36.453913903516096,5.2991804768616255,5.263615823481288
180,0.8,13.933800468642225,6.608568681214762,6.324781396794702
160,17.0,-5.464067708910278,8.797762336098321,12.693319975924558
180,0.2,65.73933672784331,3.499679450322497,3.6927896457226255
160,30.0,79.85773703622388,4.139919835060018,24.806868215883824
180,2.0,8.573593891429404,11.607868294162717,10.907335970773685
180,4.0,3.387817203734116,14.256278420298885,11.856899474188737
180,1.5,-0.5019448354880325,10.305151958251106,9.334353721265831
180,0.1,76.50846638705903,2.6404912733920276,3.594400430580778
180,12.0,-3.4711831415283427,8.070251030458353,8.956611240092734
180,15.0,1.768463132318658,7.977849059437637,10.68761825221726
180,22.0,27.425991759950584,17.498742974732185,26.039673102424214
180,24.0,56.99059168763686,21.646554782066374,33.26269547913958
180,10.0,-11.876364728151628,10.46241965513704,9.752245932225295
180,1.0,3.413928917475907,7.698313670830491,6.99155636344802
180,20.0,17.683945301580806,12.966610352150573,21.04887656479482
200,0.4,36.222239185925766,5.604794231602527,5.3555240025823165
200,0.8,12.290273197491796,6.55623295572123,6.318633747793751
180,8.0,-13.722899263775489,14.7375259551403,10.959395933709217
200,0.2,65.6943198085249,4.035287013719155,3.758436569247893
200,2.0,4.9994362680240485,12.210238020631222,10.67138514874199
180,17.0,-2.1496821469892353,9.235600653916597,12.801071545799132
200,4.0,7.394465026241747,13.89830301746394,12.22773100692642
180,30.0,80.5822916133954,4.376438812849493,24.426619065784255
200,1.5,2.0731854858677767,9.64991785396767,9.423716644039317
200,12.0,-4.8423552581988645,8.571212904299772,9.277075151423254
200,15.0,-1.6296432279930002,8.432426249452854,11.054918902802267
200,0.1,73.31163159647656,2.6416097916910397,3.778337439114179
200,22.0,22.7220003075636,18.256652016272646,26.26328201032589
200,24.0,54.2882400116215,21.592006250914046,33.013470215043306
200,10.0,-9.746164332479879,10.598843243383445,10.315479670403358
200,1.0,1.6826669273601738,8.773558937133577,6.685016549458059
200,20.0,19.151431886112405,13.848498045756983,20.739815441053974
250,0.4,31.850639324748734,5.606756296755345,5.323650567727111
250,0.8,17.171413488589092,6.843555501918564,5.767505157585458
200,8.0,-16.11623644216411,14.614066179131596,11.415569172775061
250,0.2,69.26862842248686,3.52886146730403,3.870702570032692
250,2.0,2.3315663931005695,12.91623578642086,11.198786639978653
200,17.0,-3.677976369376694,9.092225256943605,13.265400930298393
250,4.0,18.16864375774817,13.702176944170173,12.669744532864199
200,30.0,78.90451526938995,4.246692050523617,24.10572099495324
250,1.5,14.947380425172224,9.755176664745994,10.403539114479091
250,12.0,-1.7346674740049082,8.843780544704002,9.328818451827196
250,15.0,9.034625756786895,7.651967111271145,11.686412592532482
250,22.0,28.277100876075743,18.951603243765963,26.8897282796671
250,24.0,53.468460774206164,22.2240518653506,32.797150302290596
250,0.1,77.09502661368018,2.6579767375831738,3.551715918241136
250,10.0,-9.865493970598465,11.934706578331488,10.566242072670857
250,20.0,22.024162744147965,15.117710060431667,22.30622517971772
250,1.0,2.031382709044223,8.661922423048962,7.2821855737875945
250,8.0,-9.426329593411651,13.672631689190954,11.438614565483698
250,17.0,1.7932859698778003,8.998018166069537,13.278420797054002
250,30.0,77.73835186661651,4.140212375730057,24.196223059095093
